<?xml version="1.0" encoding="UTF-8"?>
<project version="4">
  <component name="JmixDataStoreSettingsManager">
    <moduleSettings>
      <entry key="PrimeBilling.main">
        <ModuleSettings>
          <option name="dataStoreOptions">
            <map>
              <entry key="main">
                <value>
                  <DataStoreSettings>
                    <option name="supportedTypes">
                      <option value="postgres" />
                    </option>
                  </DataStoreSettings>
                </value>
              </entry>
              <entry key="telasidb">
                <value>
                  <DataStoreSettings />
                </value>
              </entry>
            </map>
          </option>
        </ModuleSettings>
      </entry>
      <entry key="ge.proxima.PrimeBilling.main">
        <ModuleSettings>
          <option name="dataStoreOptions">
            <map>
              <entry key="main">
                <value>
                  <DataStoreSettings>
                    <option name="generateDdlType" value="CREATE_AND_UPDATE" />
                    <option name="nameLengthMode" value="UNLIMITED" />
                    <option name="supportedTypes">
                      <option value="mssql" />
                    </option>
                  </DataStoreSettings>
                </value>
              </entry>
            </map>
          </option>
        </ModuleSettings>
      </entry>
    </moduleSettings>
  </component>
  <component name="JmixLiquibaseChangesConfig">
    <exclude-change idName="PRX_TRANSACTION#COUNTER_PREV_READING_VALUE" tagName="modifyDataType" />
    <exclude-change idName="PRX_TRANSACTION#COUNTER_READING_VALUE" tagName="modifyDataType" />
    <exclude-change idName="PRX_CUSTOMER_CUTOFF#AMOUNT_TELMICO" tagName="modifyDataType" />
    <exclude-change idName="PRX_SUBSIDY_IMPORT_FAIL_LOG#MAYORS_LIMIT" tagName="modifyDataType" />
    <exclude-change idName="ActivityDiffVW" tagName="dropView" />
    <exclude-change idName="AddressBillDiff" tagName="dropView" />
    <exclude-change idName="AddressFisDiff" tagName="dropView" />
    <exclude-change idName="BusinessCenterDiffVW" tagName="dropView" />
    <exclude-change idName="CustBeneficiaryDiffVW" tagName="dropView" />
    <exclude-change idName="CustCategDiffVW" tagName="dropView" />
    <exclude-change idName="CustContactInfoDiffVW" tagName="dropView" />
    <exclude-change idName="CustDiffVW" tagName="dropView" />
    <exclude-change idName="CustStatusDiffVW" tagName="dropView" />
    <exclude-change idName="CustUnivPublicCatDiffVW" tagName="dropView" />
    <exclude-change idName="OwnerDiffVW" tagName="dropView" />
    <exclude-change idName="TelasiCustRelationVW" tagName="dropView" />
    <exclude-change idName="CustomerTelDocVW" tagName="dropView" />
    <exclude-change idName="MeterCoeffiecientDiff" tagName="dropView" />
    <exclude-change idName="MeterDiff" tagName="dropView" />
    <exclude-change idName="MeterTypeDiff" tagName="dropView" />
    <exclude-change idName="CustomerEllBillDiff" tagName="dropView" />
    <exclude-change idName="TelasiRectAltMessageVW" tagName="dropView" />
    <exclude-change idName="TelasiRectMessagesVW" tagName="dropView" />
    <exclude-change idName="PRX_COUNTER_COEFFICIENT#COEFFICIENT" tagName="modifyDataType" />
    <exclude-change idName="NotSentRect" tagName="dropTable" />
    <exclude-change idName="PRX_BANK_GUARANTEE_LOG#AMOUNT" tagName="modifyDataType" />
    <exclude-change idName="PRX_RETURNED_PRE_COURT_WORK#CUSTOMER_DEBT" tagName="modifyDataType" />
    <exclude-change idName="PRX_ENTITY_ATTACHMENT#FILE_" tagName="modifyDataType" />
    <exclude-change idName="PRX_DELAYER#INITIAL_AMOUNT" tagName="modifyDataType" />
    <exclude-change idName="PRX_NON_CIRCULAR_ACCRUAL#PREV_READ" tagName="modifyDataType" />
    <exclude-change idName="PRX_CATEGORY_TEMPLATE#TEMPLATE" tagName="modifyDataType" />
    <exclude-change idName="PRX_BANK_GUARANTEE_LOG#WRECKED_AMOUNT" tagName="modifyDataType" />
    <exclude-change idName="PRX_DELAYER#DOC_NUM" tagName="addNotNullConstraint" />
    <exclude-change idName="DepositOverAmountVW" tagName="dropView" />
    <exclude-change idName="TransactionLastRecordVW" tagName="dropView" />
    <exclude-change idName="TransactionPrevRecordVW" tagName="dropView" />
    <exclude-change idName="TransactionLastRecordDataVW" tagName="dropView" />
    <exclude-change idName="TransactionPrevRecordDataVW" tagName="dropView" />
    <exclude-change idName="IDX_CUSTOMERMULTICHILDSUBSIDY" tagName="createIndex" />
    <exclude-change idName="FK_PRXCUSTOMERMULTI_ON_ADDRESS" tagName="addForeignKeyConstraint" />
    <exclude-change idName="IDX_PRX_C_COURT_CASE" tagName="createIndex" />
    <exclude-change idName="IDX_SUBSIDYFAILEDCUSTOMERS" tagName="createIndex" />
    <exclude-change idName="ChargeCounterOffRecordTariffChangeVW" tagName="dropView" />
    <exclude-change idName="ChargeEstimateRecordTariffChangeVW" tagName="dropView" />
    <exclude-change idName="ChargeRealToEstTariffChangeVW" tagName="dropView" />
    <exclude-change idName="ChargeRealToRealTariffChangeVW" tagName="dropView" />
    <exclude-change idName="ChargeSumKWTHelperVW" tagName="dropView" />
    <exclude-change idName="CircularChargeCalcVW" tagName="dropView" />
    <exclude-change idName="CircularToBeChargedVW" tagName="dropView" />
    <exclude-change idName="CustomerBlock" tagName="dropView" />
    <exclude-change idName="CustomerTelasiBalanceDiffVW" tagName="dropView" />
    <exclude-change idName="DepositOverAmountVW2" tagName="dropView" />
    <exclude-change idName="MeterTariffVW" tagName="dropView" />
    <exclude-change idName="Prx_Report_TurnOverByMonth_VW" tagName="dropView" />
    <exclude-change idName="SubCustomerChargeTariffChangeVW" tagName="dropView" />
    <exclude-change idName="TransactionReadingReport" tagName="dropView" />
    <exclude-change idName="agingdata_vw" tagName="dropView" />
    <exclude-change idName="agingdatabusinesscenter_vw" tagName="dropView" />
    <exclude-change idName="comparecircularcharge_vw" tagName="dropView" />
    <exclude-change idName="compareproximacharge" tagName="dropView" />
    <exclude-change idName="comparetelmicocharge" tagName="dropView" />
    <exclude-change idName="customerlastmobilenumber_vw" tagName="dropView" />
    <exclude-change idName="customerlastmobilenumbercreatedate_vw" tagName="dropView" />
    <exclude-change idName="cutomer_balance_vw" tagName="dropView" />
    <exclude-change idName="delayapprovedqtyoncustomervw" tagName="dropView" />
    <exclude-change idName="delaydepositamountvw" tagName="dropView" />
    <exclude-change idName="delayercurrentdebtvw" tagName="dropView" />
    <exclude-change idName="delayqtyoncustomervw" tagName="dropView" />
    <exclude-change idName="depositusedtransactions_vw" tagName="dropView" />
    <exclude-change idName="lastbilldatebycustandcountervw" tagName="dropView" />
    <exclude-change idName="tel_doc_active_document_vw" tagName="dropView" />
    <exclude-change idName="PRXIMportBalTelasi" tagName="dropTable" />
    <exclude-change idName="PRXIMportDepositLast" tagName="dropTable" />
    <exclude-change idName="PRXIMportOwnership" tagName="dropTable" />
    <exclude-change idName="PRXImportContract" tagName="dropTable" />
    <exclude-change idName="PRXImportDep" tagName="dropTable" />
    <exclude-change idName="PRXImportDep1" tagName="dropTable" />
    <exclude-change idName="PRXImportDepositAdd" tagName="dropTable" />
    <exclude-change idName="PRXImportDepositAdd1" tagName="dropTable" />
    <exclude-change idName="PRXImportDepositTelasi" tagName="dropTable" />
    <exclude-change idName="PRXImportDepositTelasiNew" tagName="dropTable" />
    <exclude-change idName="PRXImportDepq" tagName="dropTable" />
    <exclude-change idName="PRXImportEmp" tagName="dropTable" />
    <exclude-change idName="PRXImportPreCourt" tagName="dropTable" />
    <exclude-change idName="PRXImportPump" tagName="dropTable" />
    <exclude-change idName="PRXImportTax" tagName="dropTable" />
    <exclude-change idName="PRXImportdupId" tagName="dropTable" />
    <exclude-change idName="PrxImpDel" tagName="dropTable" />
    <exclude-change idName="PrxImportCuthistory" tagName="dropTable" />
    <exclude-change idName="PrxImportDepType" tagName="dropTable" />
    <exclude-change idName="PrxImportDepositType" tagName="dropTable" />
    <exclude-change idName="PrxImportDeptp" tagName="dropTable" />
    <exclude-change idName="PrxImportDevide" tagName="dropTable" />
    <exclude-change idName="PrxImportDisconnection" tagName="dropTable" />
    <exclude-change idName="PrxImportDueDate" tagName="dropTable" />
    <exclude-change idName="PrxImportRSInvoice" tagName="dropTable" />
    <exclude-change idName="PrxImportRSInvoiceLine" tagName="dropTable" />
    <exclude-change idName="TelasiItemCompare" tagName="dropTable" />
    <exclude-change idName="TelasiItemLoc" tagName="dropTable" />
    <exclude-change idName="amount_tmp" tagName="dropTable" />
    <exclude-change idName="bill_head_new_el_history" tagName="dropTable" />
    <exclude-change idName="bill_items_new_el_history" tagName="dropTable" />
    <exclude-change idName="chargeCircularCompare" tagName="dropTable" />
    <exclude-change idName="chargeCompare" tagName="dropTable" />
    <exclude-change idName="historyBill" tagName="dropTable" />
    <exclude-change idName="impTariffHistory" tagName="dropTable" />
    <exclude-change idName="importDueDate" tagName="dropTable" />
    <exclude-change idName="importPaymentTest" tagName="dropTable" />
    <exclude-change idName="importTariffData" tagName="dropTable" />
    <exclude-change idName="log_telmico-comma-csv" tagName="dropTable" />
    <exclude-change idName="oauth_access_token" tagName="dropTable" />
    <exclude-change idName="oauth_refresh_token" tagName="dropTable" />
    <exclude-change idName="prx_act_trans_type_combination" tagName="dropTable" />
    <exclude-change idName="prx_c_court_document_prep_cust" tagName="dropTable" />
    <exclude-change idName="prx_customer_multi_child_subsi" tagName="dropTable" />
    <exclude-change idName="prx_customerbalancelog" tagName="dropTable" />
    <exclude-change idName="prx_overdue_deposit_notificati" tagName="dropTable" />
    <exclude-change idName="prx_transaction_bk" tagName="dropTable" />
    <exclude-change idName="prximportRsInvoices" tagName="dropTable" />
    <exclude-change idName="testChargeBlockOne" tagName="dropTable" />
    <exclude-change idName="xmltestdata" tagName="dropTable" />
    <exclude-change idName="prx_tariff_line#step_number" tagName="dropColumn" />
    <exclude-change idName="prx_customer_reconnection#telasi_note_imp" tagName="dropColumn" />
    <exclude-change idName="prx_customer_reconnection#telasi_status_imp" tagName="dropColumn" />
    <exclude-change idName="prx_customer_cutoff#tl_mark_code" tagName="dropColumn" />
    <exclude-change idName="FK_PRXACTTRANSTYP_ON_TRANSTYPE" tagName="dropForeignKeyConstraint" />
    <exclude-change idName="FK_PRXACTTRANSTYP_ON_TRANSTYPE" tagName="addForeignKeyConstraint" />
    <exclude-change idName="PRX_DEPOSIT_DISCONNECTED_CUSTO#AMOUNT" tagName="modifyDataType" />
    <exclude-change idName="PRX_OVERDUE_PAYMENT_REPORT#AMOUNT" tagName="modifyDataType" />
    <exclude-change idName="PRX_TEMPORARY_CUSTOMER_REPORT#AMOUNT" tagName="modifyDataType" />
    <exclude-change idName="PRX_OVERDUE_PAYMENT_REPORT#AVERAGE" tagName="modifyDataType" />
    <exclude-change idName="PRX_DEPOSIT_CUSTOMERS#AVERAGE_AMOUNT" tagName="modifyDataType" />
    <exclude-change idName="PRX_BILL#BILL_CREATION_DATE" tagName="dropColumn" />
    <exclude-change idName="PRX_BILL#BILL_CREATION_DATE" tagName="addColumn" />
    <exclude-change idName="PRX_ENTITY_ATTACHMENT#FILE_" tagName="dropColumn" />
    <exclude-change idName="PRX_ENTITY_ATTACHMENT#FILE_" tagName="addColumn" />
    <exclude-change idName="PRX_CATEGORY_TEMPLATE#TEMPLATE" tagName="dropColumn" />
    <exclude-change idName="PRX_CATEGORY_TEMPLATE#TEMPLATE" tagName="addColumn" />
    <exclude-change idName="tempcountertable2" tagName="dropTable" />
    <exclude-change idName="tempcountertable1" tagName="dropTable" />
    <exclude-change idName="PRXImportDepositlst" tagName="dropTable" />
    <exclude-change idName="PrxImportDiff" tagName="dropTable" />
    <exclude-change idName="PRXIMportCuttOffTel" tagName="dropTable" />
    <exclude-change idName="PRXIMportCuttOffCurrent" tagName="dropTable" />
    <exclude-change idName="PRXIMportGG" tagName="dropTable" />
    <exclude-change idName="ppp" tagName="dropTable" />
    <exclude-change idName="prx_transaction_bk_ta" tagName="dropTable" />
    <exclude-change idName="PrxIMportCustKey" tagName="dropTable" />
    <exclude-change idName="prx_customerbalancelog_bak" tagName="dropTable" />
    <exclude-change idName="PrxImportedPayment" tagName="dropTable" />
    <exclude-change idName="RsInvoicesLast" tagName="dropTable" />
    <exclude-change idName="rssellerinvoice21" tagName="dropTable" />
    <exclude-change idName="rssellerinvoice22" tagName="dropTable" />
    <exclude-change idName="rssellerinvoice23" tagName="dropTable" />
    <exclude-change idName="telasi_sent_messages" tagName="dropTable" />
    <exclude-change idName="prx_rs_invoice_seleted_trans" tagName="dropTable" />
    <exclude-change idName="PrxIMportCreditMemo" tagName="dropTable" />
    <exclude-change idName="PrxImportDueDate1" tagName="dropTable" />
    <exclude-change idName="PrxImportOwnership1" tagName="dropTable" />
    <exclude-change idName="PrxImportOwnership2" tagName="dropTable" />
    <exclude-change idName="PrxImportOwnership3" tagName="dropTable" />
    <exclude-change idName="RsInvoiceExcepCustomer" tagName="dropTable" />
    <exclude-change idName="RsInvoiceExcepParentCustomer" tagName="dropTable" />
    <exclude-change idName="log_telmico-comma-csv2" tagName="dropTable" />
    <exclude-change idName="prx_proprietor_information_bak" tagName="dropTable" />
    <exclude-change idName="rsInvoiceCloseDate" tagName="dropTable" />
    <exclude-change idName="fk_prx_c_court_document_prep_cust_on_customer" tagName="dropForeignKeyConstraint" />
    <exclude-change idName="fk_prx_rs_invoice_temp_calc_on_customer" tagName="dropForeignKeyConstraint" />
    <exclude-change idName="fk_prx_rs_invoice_temp_trans_on_customer" tagName="dropForeignKeyConstraint" />
    <exclude-change idName="fk_prx_rs_invoice_temp_trans_on_transaction" tagName="dropForeignKeyConstraint" />
    <exclude-change idName="fk_prxccourtdocumentprepcust_on_ccourtdocumentpreparation" tagName="dropForeignKeyConstraint" />
    <exclude-change idName="PrxImportAggrement" tagName="dropTable" />
    <exclude-change idName="PrxImportException" tagName="dropTable" />
    <exclude-change idName="prx_rs_invoice_temp_calc" tagName="dropTable" />
    <exclude-change idName="prx_rs_invoice_temp_trans" tagName="dropTable" />
    <exclude-change idName="tmprsinvoicecalcdaricxva" tagName="dropTable" />
    <exclude-change idName="Komerchiski" tagName="dropTable" />
    <exclude-change idName="Mosaxleoba" tagName="dropTable" />
    <exclude-change idName="AIMportTemp" tagName="dropTable" />
    <exclude-change idName="XelshekrulebaBitvaia" tagName="dropTable" />
    <exclude-change idName="Xelshekrulebacomerciuli" tagName="dropTable" />
    <exclude-change idName="exception_1009_2" tagName="dropTable" />
    <exclude-change idName="prximportid" tagName="dropTable" />
    <exclude-change idName="FK_PRXRSINVOICE_ON_TRANSACTION" tagName="dropForeignKeyConstraint" />
    <exclude-change idName="FK_PRXRSINVOICE_ON_TRANSACTION" tagName="addForeignKeyConstraint" />
    <exclude-change idName="xmlbog" tagName="dropTable" />
    <exclude-change idName="xmlbog12" tagName="dropTable" />
    <exclude-change idName="xmlbog13" tagName="dropTable" />
    <exclude-change idName="xmlbogacc13" tagName="dropTable" />
    <exclude-change idName="xmlbogacc14" tagName="dropTable" />
    <exclude-change idName="xmlbogacc15" tagName="dropTable" />
    <exclude-change idName="xmlbogaccMain" tagName="dropTable" />
    <exclude-change idName="xmlbognew" tagName="dropTable" />
    <exclude-change idName="xmlucc" tagName="dropTable" />
    <exclude-change idName="prx_customer#address_text" tagName="dropColumn" />
    <exclude-change idName="prx_customer#building" tagName="dropColumn" />
    <exclude-change idName="prx_customer#building_type_id" tagName="dropColumn" />
    <exclude-change idName="prx_customer#flate" tagName="dropColumn" />
    <exclude-change idName="prx_customer#house" tagName="dropColumn" />
    <exclude-change idName="prx_customer#is_legal" tagName="dropColumn" />
    <exclude-change idName="prx_customer#porch" tagName="dropColumn" />
    <exclude-change idName="prx_customer#post_index" tagName="dropColumn" />
    <exclude-change idName="prx_customer#register_code" tagName="dropColumn" />
    <exclude-change idName="prx_customer#street" tagName="dropColumn" />
    <exclude-change idName="xmlbog13diff" tagName="dropTable" />
    <exclude-change idName="xmlbogacc13-12" tagName="dropTable" />
    <exclude-change idName="xmlbogacc13diff" tagName="dropTable" />
    <exclude-change idName="xmlbogacc14-12" tagName="dropTable" />
    <exclude-change idName="xmlbogacc15-12" tagName="dropTable" />
    <exclude-change idName="xmlbogacc15-12Diff" tagName="dropTable" />
    <exclude-change idName="xmlbogacc15diff" tagName="dropTable" />
    <exclude-change idName="PrxImportedPaymentid" tagName="dropTable" />
    <exclude-change idName="xmbog12Main" tagName="dropTable" />
    <exclude-change idName="xmlBogMain-1409" tagName="dropTable" />
    <exclude-change idName="xmlUCC7" tagName="dropTable" />
    <exclude-change idName="xmlbog13-1409" tagName="dropTable" />
    <exclude-change idName="xmlbog13Main" tagName="dropTable" />
    <exclude-change idName="xmlbog14-1409" tagName="dropTable" />
    <exclude-change idName="xmlbog15-1409" tagName="dropTable" />
    <exclude-change idName="payment_del" tagName="dropTable" />
    <exclude-change idName="payment_shad" tagName="dropTable" />
    <exclude-change idName="PrxImportSms" tagName="dropTable" />
    <exclude-change idName="smsOneSent" tagName="dropTable" />
    <exclude-change idName="importSocial" tagName="dropTable" />
    <exclude-change idName="Aimportcust1" tagName="dropTable" />
    <exclude-change idName="abimport" tagName="dropTable" />
    <exclude-change idName="aimportcust" tagName="dropTable" />
    <exclude-change idName="tanamesakutre - 10.09.23" tagName="dropTable" />
    <exclude-change idName="tanamesakutre - 10.09.23-1" tagName="dropTable" />
    <exclude-change idName="tanamesakutre - 10.09.23-1_1" tagName="dropTable" />
    <exclude-change idName="tanamesakutre1 - 10.09.2023" tagName="dropTable" />
    <exclude-change idName="tanamesakutre1 - 10.09.2023_1" tagName="dropTable" />
    <exclude-change idName="ImportSocialCust" tagName="dropTable" />
    <exclude-change idName="Book3" tagName="dropTable" />
    <exclude-change idName="Book3-1" tagName="dropTable" />
    <exclude-change idName="prx_customer#social_municipality" tagName="dropColumn" />
    <exclude-change idName="prx_payment#imported_payment_id" tagName="dropColumn" />
    <exclude-change idName="ImportCutList" tagName="dropTable" />
    <exclude-change idName="testcusttmp" tagName="dropTable" />
    <exclude-change idName="prx_delayer_bk" tagName="dropTable" />
    <exclude-change idName="tmpTelasiTest" tagName="dropTable" />
    <exclude-change idName="telasicuthistory_v_status_vw" tagName="dropView" />
    <exclude-change idName="payment_20230920" tagName="dropTable" />
    <exclude-change idName="payment_detail_20230920" tagName="dropTable" />
    <exclude-change idName="prx_cut_history#tl_oper_code" tagName="dropColumn" />
    <exclude-change idName="histtmp" tagName="dropTable" />
    <exclude-change idName="bbaIMport" tagName="dropTable" />
    <exclude-change idName="prx_delayer_bk20230922" tagName="dropTable" />
    <exclude-change idName="BOGImport" tagName="dropTable" />
    <exclude-change idName="prx_payment_fordelete" tagName="dropTable" />
    <exclude-change idName="prx_payment_bk" tagName="dropTable" />
    <exclude-change idName="prx_payment_fordelete_id" tagName="dropTable" />
    <exclude-change idName="BOGImportXml" tagName="dropTable" />
    <exclude-change idName="bogimport_id" tagName="dropTable" />
    <exclude-change idName="bogimportxml_map" tagName="dropTable" />
    <exclude-change idName="shadow_to_approve" tagName="dropTable" />
    <exclude-change idName="IMportBasis" tagName="dropTable" />
    <exclude-change idName="ImportCutCustomers" tagName="dropTable" />
    <exclude-change idName="cut nadz" tagName="dropTable" />
    <exclude-change idName="BOGShadowDelete" tagName="dropTable" />
    <exclude-change idName="BasisBankXML" tagName="dropTable" />
    <exclude-change idName="gaurkveveli-23" tagName="dropTable" />
    <exclude-change idName="gaurkveveli-24" tagName="dropTable" />
    <exclude-change idName="import" tagName="dropTable" />
    <exclude-change idName="bogxmlfromlog" tagName="dropTable" />
  </component>
  <component name="JmixPluginProjectSettings">
    <option name="savedDbProperties">
      <list>
        <SavedDbProperties>
          <option name="databaseName" value="prx" />
          <option name="dbType" value="hsqlfile" />
          <option name="dbmsVersion" />
          <option name="host" value=".jmix/hsqldb" />
          <option name="url" value="jdbc:hsqldb:file:.jmix/hsqldb/prx" />
          <option name="user" value="sa" />
        </SavedDbProperties>
        <SavedDbProperties>
          <option name="databaseName" value="PrimeBillingGigi" />
          <option name="dbType" value="mssql" />
          <option name="dbmsVersion" value="2012" />
          <option name="host" value="192.168.0.101" />
          <option name="pass" value="Telmiko2022" />
          <option name="url" value="jdbc:sqlserver://192.168.0.101;databaseName=PrimeBillingGigi;encrypt=true;trustServerCertificate=true" />
          <option name="user" value="PrimeBilling" />
        </SavedDbProperties>
      </list>
    </option>
  </component>
  <component name="VersionUpdateSettings">
    <option name="ignoredVersions">
      <set>
        <option value="1.5.1" />
      </set>
    </option>
  </component>
</project>